username,user id,access hash,name,group,group id
zmv6525,1358778677,2096939852142136018,Halona 1-2,uyul unyu,1172969785
yqr7029,1192938071,982599924406608608,hana beib,uyul unyu,1172969785
i_love_u_han,1141722511,3930851644896950851,sayanx hana,uyul unyu,1172969785
utg2129,1289714909,3524607442050785102,halona 1 -8,uyul unyu,1172969785
userfacegold,1336996086,-2803979685541263214,Halona 3-6,uyul unyu,1172969785
hana_dont_toch,1340075023,3672840532217396658,hanna dont,uyul unyu,1172969785
toked_hana_toge,1283867698,-931946357293825856,hana toge,uyul unyu,1172969785
Doge_TipBot,642813381,7564945459400122516,Dogecoin Tipbot,uyul unyu,1172969785
sayanx_hana,1285017993,-5484905643645985638,sayanx hana,uyul unyu,1172969785
swinger_hanna,1307616045,-3893959304878660710,hana ngentot,uyul unyu,1172969785
love_halona,1231033974,-3667773995190657756,sayanx hanna,uyul unyu,1172969785
hana_sange,1211807122,-5569619169441875674,hana sange,uyul unyu,1172969785
susu_hanna,1110624385,-4230324023504689450,han halonna,uyul unyu,1172969785
hanna_semox,1241527287,-5339169885537664613,hana semox,uyul unyu,1172969785
disepong_hana,1267533063,4577227408314674421,hana sepong,uyul unyu,1172969785
hana_sexy,1297200909,-44749660615883149,hana cantik,uyul unyu,1172969785
dungtakhan,1389444059,7205435330344011187,hana snak,uyul unyu,1172969785
ngewe_hana,1306295537,5974892671857899100,hana sange,uyul unyu,1172969785
hana_si_binal,1382479313,562937857030215259,hana binal,uyul unyu,1172969785
hana_lagi_sange,1189832498,-1229978470838473366,hanna sange,uyul unyu,1172969785
hana_semox,1310585970,7129645067483205322,hana love,uyul unyu,1172969785
susu_hana,1350935602,-7522463706740744752,hana cinta,uyul unyu,1172969785
hana_sayanxku,1360457271,-7939754454455096598,hana sayanxkuh,uyul unyu,1172969785
srilamhlaan,1254099246,5051834731309861372,Halona 4-2,uyul unyu,1172969785
suriahsrt,1306034922,387387183961915865,Halona 3-5,uyul unyu,1172969785
hananu_rirawati,1157600191,9198134367925768539,hananur irawati,uyul unyu,1172969785
qwf7293,1395331111,-7132403082224340601,hana lona,uyul unyu,1172969785
pdp4029,1191755083,1701688777893020314,Halona 1-4,uyul unyu,1172969785
hana_pecun,1329495992,-8661733321294392469,hana pecun,uyul unyu,1172969785
poj2699,1376179508,-8665437777498672215,Halona 1-7,uyul unyu,1172969785
iloveuhana,1194100144,-450125337153787891,hana nur irawati,uyul unyu,1172969785
ha_lo_na,988002940,843889092634391412,hanna halo-na,uyul unyu,1172969785
nza1559,1255150137,7972670039896506982,Halona 1-5,uyul unyu,1172969785
nvu9658,1381636210,-7586233121766641933,Halona 1-6,uyul unyu,1172969785
nkj9941,1117813392,-2958233093538546861,Halona 1-3,uyul unyu,1172969785
hana_4_8,1304888349,-8288366252615128480,hana nur irawati,uyul unyu,1172969785
halonanar,1269343431,-5149019282670449919,hana nar,uyul unyu,1172969785
meongkuc,795485582,329894316797223075,Halona 3-7,uyul unyu,1172969785
meki_hana,1105657332,1344860984717085261,hana memek,uyul unyu,1172969785
mama_hana,1358753192,1028592007415991210,mama han,uyul unyu,1172969785
memek_hana,1379785608,8933873650124900202,hana memek,uyul unyu,1172969785
love_hana,1185659076,-6803235867152869017,halona,uyul unyu,1172969785
hanlona_hana,1300728469,-1118095095981354649,lona hana,uyul unyu,1172969785
hana_lona,1233040240,-6119184659222959613,hana lina,uyul unyu,1172969785
hanna_2_10,1287177432,5624285692505786817,hanna love,uyul unyu,1172969785
han_han_lona,1357497435,453187715442587333,halona han han,uyul unyu,1172969785
hann_love,1213458913,6140241605894433239,love hana,uyul unyu,1172969785
hana_lacur,1196291343,6737367029504106518,hana lacur,uyul unyu,1172969785
hana_lonte,1307187634,-8523964108188361093,hana lonte,uyul unyu,1172969785
love_hanna,1081046267,-6358571569746677605,hana love,uyul unyu,1172969785
han_hanna_han,1186583199,-3183146558890071327,hana lona,uyul unyu,1172969785
lastriying,1272359929,-2249054991776835863,Halona 4-3,uyul unyu,1172969785
dek_hanna,1270042089,480046376532217207,ika,uyul unyu,1172969785
cryptogirl_inayah,1186417872,-2031775426412960069,••inayah••,uyul unyu,1172969785
body_goals_hana,1159267815,-6561662172443277677,hana ideal,uyul unyu,1172969785
halona_halona,1042346210,-2527010493410833251,hana irawati,uyul unyu,1172969785
hanairawati,1234938497,5453283718749397792,enisolasido,uyul unyu,1172969785
halo27,1035855767,-8981693337316803876,Babe,uyul unyu,1172969785
dcb3880,1363931337,5258081246564638443,han halona,uyul unyu,1172969785
beubz_hana,1382306385,-4972234635615584155,hana halona,uyul unyu,1172969785
efa1929,1311497049,-3225880788128874498,Halona 1-1,uyul unyu,1172969785
baris34O,1299914099,-8245957887231241275,Halona 3-8,uyul unyu,1172969785
boroboroaj,1161652660,3820923323329396778,Halona 3-4,uyul unyu,1172969785
hannss78,1189564755,-3268208265415431501,Halona 3-3,uyul unyu,1172969785
hana_beibzbeb,1355170512,-4789989391408265103,han halonna,uyul unyu,1172969785
durabil,1290937821,-8305842165145800745,Halona 3-2,uyul unyu,1172969785
gilingan,910999442,-2760869119468832774,Halona 3-1,uyul unyu,1172969785
hana_darling,1359261720,1038033228708887582,hana darling,uyul unyu,1172969785
bund_hana,1365103002,-8137721393782798444,bund hana,uyul unyu,1172969785
hallo280,1261903095,-8357635457975932139,Halona 2-8,uyul unyu,1172969785
halona27,1399330321,-237003159131839732,Halona 2-7,uyul unyu,1172969785
halona2t,1235765790,-568600729683047019,Halona 2-5,uyul unyu,1172969785
hanna_dek,1256196096,-6868236469706398538,hana dek,uyul unyu,1172969785
cauziah,1278464790,-5017472693319588033,babe,uyul unyu,1172969785
devilrose_hana,1310939126,-6284554804887148599,hana devil,uyul unyu,1172969785
caosyuk,1311114390,1080358389286530242,Halona 2-4,uyul unyu,1172969785
bisaajasih,1291905080,8901163173688905896,Halona 2-1,uyul unyu,1172969785
ehkamulagii,1377485329,-4082549199969406565,entahh,uyul unyu,1172969785
beibzzz_hana,1279303086,8658793655745670062,hana beibbzz,uyul unyu,1172969785
hanna_hypersex,1312562105,7013406120430353231,hanna hiper,uyul unyu,1172969785
hanahalona,1275404063,2513742073326323513,han halona,uyul unyu,1172969785
hana_bugil,1336244186,5545132738047227756,hana bugil,uyul unyu,1172969785
frd2969,1056498149,-5404863323114160995,dek hana hana,uyul unyu,1172969785
esk3286,1103475258,-8147674929867444819,han han,uyul unyu,1172969785
fans_hana,1090227890,-2784258588154246703,hana fans,uyul unyu,1172969785
hana_cinta,1264125441,260249576087395107,hana cinta,uyul unyu,1172969785
beibs_hana,1176021415,3614698597678446888,hana halona,uyul unyu,1172969785
hana_han_han,1388710893,7371747064529655372,hana halona,uyul unyu,1172969785
han_hana_han,1318274947,-7371522942698565209,hana halona,uyul unyu,1172969785
hana_bund,1365950672,-3291581485243119451,halona,uyul unyu,1172969785
hanna_hana_halona,1108758112,-2345665069133340492,hana_hana halona,uyul unyu,1172969785
hana_dyah,976159119,-7028979685394609301,hana dyah,uyul unyu,1172969785
hanahalonalove,1316546027,6903624613088390418,halona 4-7,uyul unyu,1172969785
halona4_5,1312358269,-4032608610845249738,Halona 4-5 5,uyul unyu,1172969785
halonahana,1335042052,-7025927954349965815,Halona 4-6 6,uyul unyu,1172969785
azrained,1270282155,6524177133803180841,Halona 4-4,uyul unyu,1172969785
hiyatin,1325406984,7524988725922686574,Halona 4-1,uyul unyu,1172969785
hana_han_3,1355370059,7890293034218119632,hana 3 han han,uyul unyu,1172969785
hanhana_halona,1044165434,7655842195495767131,hana halona,uyul unyu,1172969785
cctip_bot,962775809,-2501948946983526305,CCTip,uyul unyu,1172969785
Baru_Belajar,505546584,1141831832410978185,Baru Belajar,uyul unyu,1172969785
